"ID","gender","height","weight","phys"
"ID1","Female",167.93,51.94,"Moderate"
"ID2","Male",180.05,79.06,"Moderate"
"ID3","Female",167.86,53.16,"None"
"ID4","Male",175.96,75.58,"None"
"ID5","Male",182.77,73.68,"Moderate"
"ID6","Female",167.62,62.26,"Moderate"
"ID7","Female",167.04,77.25,"Moderate"
"ID8","Male",176.98,84.32,"None"
"ID9","Female",175.75,58.58,"Moderate"
"ID10","Female",167.24,57.95,"Moderate"
"ID11","Male",173.84,82.61,"Moderate"
"ID12","Male",176.14,78.13,"None"
"ID13","Female",168.72,62.79,"Intense"
"ID14","Female",169.14,69.75,"Intense"
"ID15","Male",181.4,39.72,"None"
"ID16","Male",168.56,74.07,"Moderate"
"ID17","Female",171.21,66.91,"Moderate"
"ID18","Male",175.9,80.25,"Moderate"
"ID19","Female",173.77,61.06,"Moderate"
"ID20","Female",166.39,77.76,"Moderate"
"ID21","Male",174.02,70.56,"Intense"
"ID22","Male",178.97,68.09,"Intense"
"ID23","Male",177.24,62.01,"Moderate"
"ID24","Female",177.64,68.06,"Moderate"
"ID25","Male",177.69,71.67,"Intense"
"ID26","Female",158.57,53.72,"Intense"
"ID27","Female",163.7,67.96,"Moderate"
"ID28","Male",177.45,75.25,"Intense"
"ID29","Male",174.32,83.74,"Moderate"
"ID30","Female",165.89,70.83,"None"
"ID31","Male",184.35,80.2,"Moderate"
"ID32","Female",162.63,80.32,"Moderate"
"ID33","Female",159.98,54.83,"Intense"
"ID34","Female",176.17,63.91,"Moderate"
"ID35","Male",175.13,76.84,"Moderate"
"ID36","Male",179.12,65.52,"None"
"ID37","Female",169.45,65.05,"Moderate"
"ID38","Male",176.56,55.49,"Intense"
"ID39","Male",182.91,70.28,"Moderate"
"ID40","Female",166.61,59.4,"None"
"ID41","Male",179.89,72.53,"Intense"
"ID42","Female",163.09,57.98,"Moderate"
"ID43","Female",171.08,74.86,"Moderate"
"ID44","Female",178.61,59.85,"Intense"
"ID45","Male",180.15,72.41,"Intense"
"ID46","Female",165.62,63.5,"None"
"ID47","Male",179.23,74.9,"Intense"
"ID48","Female",169.79,52.75,"Moderate"
"ID49","Female",170.78,79.49,"Intense"
"ID50","Female",175.64,83.77,"Moderate"
"ID51","Male",184.3,83.74,"Intense"
"ID52","Female",168.2,79.2,"Moderate"
"ID53","Male",181.78,63.81,"Moderate"
"ID54","Male",186.36,92.87,"None"
"ID55","Female",166.36,76.6,"Moderate"
"ID56","Male",180.79,79.96,"Intense"
"ID57","Male",174.3,78.88,"Intense"
"ID58","Male",178.51,66.54,"Moderate"
"ID59","Male",176.47,80.81,"Moderate"
"ID60","Female",169.09,50.15,"Moderate"
"ID61","Male",172.7,77.34,"None"
"ID62","Female",174.62,63.56,"None"
"ID63","Male",176.45,79.02,"Moderate"
"ID64","Male",174.58,66.29,"Intense"
"ID65","Female",171.89,64.49,"None"
"ID66","Female",165.65,75.96,"Moderate"
"ID67","Male",181.92,58.41,"Moderate"
"ID68","Male",176.22,81.43,"Intense"
"ID69","Female",167.5,74.12,"Moderate"
"ID70","Male",175.3,84.29,"Moderate"
"ID71","Female",164.16,69.49,"Moderate"
"ID72","Male",174.24,81.6,"None"
"ID73","Female",165.28,58.49,"Moderate"
"ID74","Female",167.41,76.8,"None"
"ID75","Female",168.28,55.83,"None"
"ID76","Male",175.36,70.55,"Intense"
"ID77","Female",166,52.61,"Intense"
"ID78","Male",175.64,58.44,"Moderate"
"ID79","Female",168.89,64.33,"Moderate"
"ID80","Female",163.02,59.06,"None"
"ID81","Female",165.37,56.86,"Intense"
"ID82","Female",166.02,60.16,"Intense"
"ID83","Male",175.38,66.43,"None"
"ID84","Male",175.17,77.69,"None"
"ID85","Male",174.32,45.54,"Moderate"
"ID86","Female",164.74,67.26,"Intense"
"ID87","Male",183.43,83.7,"Moderate"
"ID88","Female",165.07,51.72,"Moderate"
"ID89","Female",174.21,63.53,"Moderate"
"ID90","Male",178.6,81.41,"Intense"
"ID91","Female",164.34,62.69,"Moderate"
"ID92","Female",160.46,59.78,"Intense"
"ID93","Female",167.57,65.86,"Moderate"
"ID94","Male",182.79,69.55,"Moderate"
"ID95","Female",171.65,64.01,"Moderate"
"ID96","Male",177.2,59.49,"Intense"
"ID97","Female",171.57,79.09,"Moderate"
"ID98","Female",164.18,57.36,"None"
"ID99","Male",174.72,53.1,"Intense"
"ID100","Male",183.07,64.15,"Intense"
"ID101","Female",167.65,49.82,"Moderate"
"ID102","Female",167.73,67.34,"Intense"
"ID103","Male",177.79,61.24,"Moderate"
"ID104","Female",158.13,66.82,"None"
"ID105","Male",174.24,64.25,"None"
"ID106","Male",176.22,63.55,"Moderate"
"ID107","Female",169.42,59.42,"Moderate"
"ID108","Female",164.98,58.31,"None"
"ID109","Female",171.3,60.72,"Moderate"
"ID110","Male",175.88,71.71,"Moderate"
"ID111","Male",181.04,82.91,"None"
"ID112","Male",174.2,86.14,"Moderate"
"ID113","Male",181.25,58.78,"Moderate"
"ID114","Female",169.87,73.05,"Intense"
"ID115","Female",167.87,82.73,"None"
"ID116","Male",183.77,92.4,"Intense"
"ID117","Male",178.21,69.24,"Moderate"
"ID118","Male",177.1,62.88,"Intense"
"ID119","Male",180.25,80.75,"None"
"ID120","Male",180.45,84.1,"Moderate"
"ID121","Male",181.53,65.27,"None"
"ID122","Female",173.39,51.38,"None"
"ID123","Male",179.6,76.11,"None"
"ID124","Female",168.49,76.7,"Moderate"
"ID125","Male",183.1,73.12,"Moderate"
"ID126","Female",170.55,73.23,"Moderate"
"ID127","Female",164.4,65.15,"Moderate"
"ID128","Female",160.64,51.17,"None"
"ID129","Female",170.3,62.12,"Moderate"
"ID130","Male",180.31,107.05,"None"
"ID131","Male",177.91,93.75,"None"
"ID132","Female",170.9,62,"None"
"ID133","Male",173.61,78.08,"Intense"
"ID134","Female",170.96,64.27,"Moderate"
"ID135","Female",168.24,58.63,"Intense"
"ID136","Male",169.73,54.88,"Moderate"
"ID137","Female",165.09,55.74,"Intense"
"ID138","Female",157.43,42.55,"Moderate"
"ID139","Female",173.1,58.39,"Moderate"
"ID140","Male",173.09,73.92,"None"
"ID141","Male",181.08,83.21,"Intense"
"ID142","Male",177.08,70.64,"Intense"
"ID143","Female",159.33,59.31,"None"
"ID144","Male",179.04,67.74,"Moderate"
"ID145","Male",178.59,66.29,"None"
"ID146","Male",179.75,74.63,"Moderate"
"ID147","Female",171.03,66.26,"None"
"ID148","Male",176.37,49.56,"Moderate"
"ID149","Male",178.89,70.82,"Moderate"
"ID150","Male",179.94,79.99,"Moderate"
"ID151","Male",177.04,71.82,"Intense"
"ID152","Male",172.31,67.73,"Intense"
"ID153","Female",158.53,56.56,"Moderate"
"ID154","Male",180.72,74.29,"Moderate"
"ID155","Male",180.84,69.43,"Moderate"
"ID156","Male",181.25,86.61,"Moderate"
"ID157","Male",180.99,71.42,"Moderate"
"ID158","Female",168.13,66.57,"Moderate"
"ID159","Male",178.27,83.27,"Intense"
"ID160","Female",171.01,70.8,"Intense"
"ID161","Female",164.06,58.72,"Moderate"
"ID162","Male",173.62,60.85,"Moderate"
"ID163","Female",162.54,58,"Moderate"
"ID164","Male",179.67,93.93,"Moderate"
"ID165","Male",186.12,80.65,"Moderate"
"ID166","Male",177.12,55.66,"Moderate"
"ID167","Female",172.11,75.43,"Moderate"
"ID168","Female",169.43,66.2,"None"
"ID169","Female",162.76,64.29,"None"
"ID170","Male",176.82,81.53,"Moderate"
"ID171","Female",167.24,79.83,"Intense"
"ID172","Male",175.29,72.02,"Intense"
"ID173","Female",170.13,61.86,"Intense"
"ID174","Female",165.56,60.98,"Moderate"
"ID175","Male",176.03,80.46,"Moderate"
"ID176","Female",167.81,43.77,"Moderate"
"ID177","Male",176.85,75.65,"Moderate"
"ID178","Male",175.95,81.5,"Intense"
"ID179","Female",169.45,66.79,"Moderate"
"ID180","Female",176.12,73.9,"Intense"
"ID181","Male",181.77,89.95,"Intense"
"ID182","Female",165.1,68.47,"Moderate"
"ID183","Male",175.08,66.94,"Moderate"
"ID184","Male",179.52,68.64,"Intense"
"ID185","Male",170.75,59.34,"None"
"ID186","Male",177.89,80.49,"None"
"ID187","Female",167.26,64.69,"None"
"ID188","Female",169.95,74.73,"None"
"ID189","Male",176.39,86.6,"Moderate"
"ID190","Female",175.58,63.28,"Intense"
"ID191","Female",176.05,79.7,"Intense"
"ID192","Female",167.56,63.89,"None"
"ID193","Female",171.65,71.38,"Moderate"
"ID194","Male",166.85,63.01,"Moderate"
"ID195","Female",167.85,74.58,"None"
"ID196","Male",178.8,72.42,"None"
"ID197","Male",181.65,87.96,"None"
"ID198","Male",174.66,72.37,"Moderate"
"ID199","Male",178.32,99.78,"None"
"ID200","Female",165.18,52.11,"None"
"ID201","Male",174.81,80.22,"Intense"
"ID202","Male",173.34,71.91,"Moderate"
"ID203","Male",174.11,77.36,"Moderate"
"ID204","Male",172.67,63.2,"Moderate"
"ID205","Female",165.21,72.13,"None"
"ID206","Male",177.76,66.46,"Moderate"
"ID207","Female",166.43,55.22,"Moderate"
"ID208","Male",180.99,86.36,"Moderate"
"ID209","Male",179.59,76.86,"Moderate"
"ID210","Male",179.75,77.3,"None"
"ID211","Male",181.74,73.37,"Moderate"
"ID212","Male",172.94,47.95,"Moderate"
"ID213","Female",160.43,56.09,"Moderate"
"ID214","Male",179.94,68.27,"Moderate"
"ID215","Female",160.41,61.19,"Intense"
"ID216","Male",174.79,51.3,"Moderate"
"ID217","Female",162,66.41,"None"
"ID218","Female",170.96,54.02,"Moderate"
"ID219","Male",181.71,82.17,"Intense"
"ID220","Female",172.27,73.98,"Moderate"
"ID221","Female",167.3,74.44,"None"
"ID222","Male",180.39,65.57,"Intense"
"ID223","Female",168.04,55.71,"Moderate"
"ID224","Female",175.15,82.37,"Intense"
"ID225","Male",175.63,59.35,"None"
"ID226","Female",175.86,64.93,"Moderate"
"ID227","Female",164.28,52.49,"Moderate"
"ID228","Male",181.33,84.19,"Moderate"
"ID229","Male",179.63,75.32,"None"
"ID230","Male",181.22,62.14,"Moderate"
"ID231","Male",170.06,65.79,"Moderate"
"ID232","Male",176.54,72.81,"Moderate"
"ID233","Female",169.42,58.55,"Moderate"
"ID234","Female",167.6,68.65,"Moderate"
"ID235","Male",173.85,65.87,"Moderate"
"ID236","Female",170.07,74.03,"Intense"
"ID237","Male",174.69,60.1,"None"
"ID238","Male",180.68,62.34,"None"
"ID239","Female",177.85,63.87,"Intense"
"ID240","Male",179.2,76.29,"Intense"
"ID241","Female",170.57,55.34,"Moderate"
"ID242","Female",166.65,65.99,"None"
"ID243","Female",167.12,67.66,"Moderate"
"ID244","Male",174.17,72.2,"Moderate"
"ID245","Male",177.78,76.98,"Intense"
"ID246","Male",173.84,71.94,"None"
"ID247","Male",170.19,62.91,"Moderate"
"ID248","Male",188.99,70.43,"Intense"
"ID249","Male",173.19,56.41,"None"
"ID250","Female",172.46,73.63,"Intense"
"ID251","Male",175.51,76.48,"Moderate"
"ID252","Male",175.64,60.35,"Moderate"
"ID253","Male",181,78.55,"Moderate"
"ID254","Male",174.89,73.99,"None"
"ID255","Male",180.36,75.85,"None"
"ID256","Female",169.59,63.25,"Moderate"
"ID257","Female",175.5,68.76,"Intense"
"ID258","Female",160.79,58.67,"None"
"ID259","Female",166.88,49.89,"Intense"
"ID260","Female",167.39,52.78,"Intense"
"ID261","Female",165.61,60.36,"Intense"
"ID262","Male",182.28,67.13,"Intense"
"ID263","Male",179.51,71.39,"Moderate"
"ID264","Female",169.59,71.34,"Intense"
"ID265","Male",181.86,77.62,"None"
"ID266","Female",172.55,56.7,"Moderate"
"ID267","Female",169.79,63.54,"None"
"ID268","Male",182.43,47.58,"Intense"
"ID269","Female",173.08,75.3,"Moderate"
"ID270","Male",179.19,65.69,"Moderate"
"ID271","Male",179.94,66.17,"Moderate"
"ID272","Male",183.71,89.23,"Intense"
"ID273","Female",166.68,63.24,"Moderate"
"ID274","Male",176.56,72.14,"Moderate"
"ID275","Female",165.34,58.28,"Moderate"
"ID276","Female",168.93,66.14,"Intense"
"ID277","Male",179.12,70.66,"None"
"ID278","Male",182.07,68.03,"Moderate"
"ID279","Female",175.91,71.68,"Moderate"
"ID280","Female",162.38,57.41,"Moderate"
"ID281","Male",177.72,73.31,"Moderate"
"ID282","Male",181.09,97.73,"None"
"ID283","Male",174.77,76.53,"Moderate"
"ID284","Female",170.72,79.2,"Moderate"
"ID285","Male",180.17,67.28,"Moderate"
"ID286","Male",181.15,80.01,"None"
"ID287","Male",181.11,81,"Moderate"
"ID288","Male",177.94,79.83,"Moderate"
"ID289","Male",178.02,89.62,"Intense"
"ID290","Male",181.74,87.27,"Moderate"
"ID291","Female",174.5,92.3,"None"
"ID292","Female",165.7,82.12,"Moderate"
"ID293","Female",169.84,69.87,"Moderate"
"ID294","Male",182.12,74.4,"Intense"
"ID295","Male",175.3,52.21,"Intense"
"ID296","Female",170.15,68.01,"Intense"
"ID297","Female",169.5,60.97,"Moderate"
"ID298","Female",172.42,57.14,"None"
"ID299","Female",167.23,73.98,"Moderate"
"ID300","Female",162.52,67.16,"None"
"ID301","Male",178.71,80.74,"None"
"ID302","Female",167.14,54.85,"None"
"ID303","Female",164.56,74.48,"None"
"ID304","Female",167.84,82.69,"Moderate"
"ID305","Male",178.19,80.53,"Moderate"
"ID306","Male",177.48,80.9,"Moderate"
"ID307","Female",168.36,75.2,"Moderate"
"ID308","Female",172.11,75.15,"Moderate"
"ID309","Female",169.3,77.77,"None"
"ID310","Female",161.97,58.99,"Moderate"
"ID311","Female",166.93,59.07,"Moderate"
"ID312","Male",181.58,59.32,"None"
"ID313","Male",172.79,52.55,"Moderate"
"ID314","Female",167.78,61.21,"Moderate"
"ID315","Male",183.99,56.39,"None"
"ID316","Female",172.11,77.11,"None"
"ID317","Female",167.28,79.47,"Intense"
"ID318","Male",176.41,72.2,"Intense"
"ID319","Male",172.84,59.37,"Moderate"
"ID320","Female",172,62.42,"Moderate"
"ID321","Male",175.3,72.25,"Moderate"
"ID322","Female",164.55,53.82,"Moderate"
"ID323","Female",167.36,57.86,"Moderate"
"ID324","Male",176.81,73.14,"None"
"ID325","Male",176.26,78.63,"Moderate"
"ID326","Male",180.53,66.59,"Moderate"
"ID327","Male",175.14,66.11,"None"
"ID328","Male",175.91,56.09,"Intense"
"ID329","Female",172.26,63.94,"None"
"ID330","Female",163.58,60.36,"Moderate"
"ID331","Male",175.41,90.95,"Moderate"
"ID332","Female",162.35,64.59,"Moderate"
"ID333","Male",175.21,74.35,"None"
"ID334","Female",172.7,77.71,"None"
"ID335","Male",179.68,54.12,"Moderate"
"ID336","Male",177.04,68.28,"Moderate"
"ID337","Male",184.97,67.82,"Moderate"
"ID338","Female",170.37,52.03,"Moderate"
"ID339","Male",176.55,74.32,"None"
"ID340","Female",176.17,81.42,"Moderate"
"ID341","Female",163.35,67.07,"Intense"
"ID342","Female",170.13,76.42,"Intense"
"ID343","Male",174.32,85.72,"Moderate"
"ID344","Female",166.61,72.36,"None"
"ID345","Male",176.09,65.04,"Moderate"
"ID346","Male",182.28,64.68,"Moderate"
"ID347","Female",162.45,36.52,"None"
"ID348","Female",174.38,76.75,"Moderate"
"ID349","Male",172.65,79.76,"Intense"
"ID350","Female",173.53,71.78,"Intense"
"ID351","Male",177.05,73.03,"Moderate"
"ID352","Female",163.75,60.51,"Intense"
"ID353","Female",169.27,69.5,"Intense"
"ID354","Male",179.46,76.59,"Intense"
"ID355","Male",176.57,61.52,"Moderate"
"ID356","Male",186.7,103.77,"Moderate"
"ID357","Female",172.28,70.73,"Intense"
"ID358","Female",163.59,65.48,"Intense"
"ID359","Male",176.18,84.9,"Moderate"
"ID360","Male",184.47,81.81,"Moderate"
"ID361","Male",178.15,72.47,"Moderate"
"ID362","Female",168.37,58.24,"Moderate"
"ID363","Female",169.48,74.26,"Moderate"
"ID364","Male",173.76,76.65,"Moderate"
"ID365","Female",165.75,49.88,"Moderate"
"ID366","Male",171.42,61.99,"Moderate"
"ID367","Female",166.07,65.7,"Moderate"
"ID368","Female",165.87,64.17,"Moderate"
"ID369","Female",169.81,48.97,"Moderate"
"ID370","Female",161.8,68.59,"Moderate"
"ID371","Female",164.13,59.93,"None"
"ID372","Male",176.77,75.86,"Intense"
"ID373","Female",162.44,63.19,"Moderate"
"ID374","Male",178.64,69.43,"Intense"
"ID375","Female",168.49,59.87,"None"
"ID376","Male",174.53,74.05,"Moderate"
"ID377","Female",159.09,57.13,"Moderate"
"ID378","Male",173.26,75.02,"None"
"ID379","Male",175.74,66.6,"None"
"ID380","Female",164.77,55.51,"None"
"ID381","Female",166.18,70.7,"Intense"
"ID382","Male",180.44,78.32,"None"
"ID383","Male",176.75,69.36,"None"
"ID384","Female",171.67,66.4,"None"
"ID385","Male",179.05,70.47,"Moderate"
"ID386","Male",179.14,67.63,"None"
"ID387","Male",173.35,80.83,"Moderate"
"ID388","Female",169.03,59.42,"Moderate"
"ID389","Male",182.46,75.16,"Moderate"
"ID390","Male",182.15,79.8,"Moderate"
"ID391","Male",177.34,61.66,"None"
"ID392","Female",171.04,59.35,"None"
"ID393","Female",166.49,56.49,"Moderate"
"ID394","Male",184.47,74.63,"Moderate"
"ID395","Female",166.84,62.18,"Moderate"
"ID396","Female",167.27,59.72,"None"
"ID397","Male",176.49,89.68,"Moderate"
"ID398","Male",173.64,88.25,"Moderate"
"ID399","Female",170.88,61.35,"None"
"ID400","Female",173.54,76.66,"Moderate"
"ID401","Female",166.69,71.63,"Intense"
"ID402","Female",169.4,60.85,"Intense"
"ID403","Female",173.93,69.22,"Intense"
"ID404","Male",183.71,73.02,"Moderate"
"ID405","Female",172.58,61.94,"Moderate"
"ID406","Female",165.3,58.32,"Moderate"
"ID407","Male",174.95,73.89,"Moderate"
"ID408","Male",174.63,64.65,"None"
"ID409","Male",168.52,56.19,"Moderate"
"ID410","Female",169.5,69.76,"None"
"ID411","Male",176.52,69.5,"Moderate"
"ID412","Male",176.77,78.38,"Intense"
"ID413","Male",181.23,100.43,"Moderate"
"ID414","Female",164.83,44.21,"Moderate"
"ID415","Female",161.89,71.99,"Moderate"
"ID416","Male",178.6,79.57,"Moderate"
"ID417","Female",174.41,71.99,"Moderate"
"ID418","Female",162.18,63.45,"Moderate"
"ID419","Female",167.3,73.14,"Moderate"
"ID420","Male",172.74,73.8,"Intense"
"ID421","Male",184.61,78.64,"Intense"
"ID422","Male",180.15,84.79,"None"
"ID423","Male",177.77,77.2,"Moderate"
"ID424","Female",166.18,72.8,"None"
"ID425","Male",181.28,74.42,"Moderate"
"ID426","Male",189.07,65.7,"Intense"
"ID427","Male",176.19,65.99,"None"
"ID428","Male",177.62,71.57,"None"
"ID429","Male",173.46,70.76,"Moderate"
"ID430","Male",180.38,68.31,"Intense"
"ID431","Male",175.3,76.39,"Moderate"
"ID432","Male",181.25,82.97,"Intense"
"ID433","Female",172.73,60.36,"None"
"ID434","Male",174.28,63.12,"Intense"
"ID435","Female",161.33,58.07,"Moderate"
"ID436","Female",161.56,63.09,"Moderate"
"ID437","Male",175.52,79.13,"Moderate"
"ID438","Male",182.65,73.55,"Moderate"
"ID439","Male",189.66,70.6,"Intense"
"ID440","Male",182.9,75.02,"Moderate"
"ID441","Male",185.5,76.05,"Moderate"
"ID442","Male",179.09,64.41,"Intense"
"ID443","Male",178.9,78.59,"Moderate"
"ID444","Female",172.71,69.5,"Intense"
"ID445","Male",172.06,61.83,"Intense"
"ID446","Female",170.09,84.2,"None"
"ID447","Male",178.73,89.87,"None"
"ID448","Female",161.94,66.35,"Moderate"
"ID449","Female",171.21,67.08,"Moderate"
"ID450","Female",164.29,70.79,"Moderate"
"ID451","Male",178.39,79.48,"Moderate"
"ID452","Male",184.54,85.64,"None"
"ID453","Male",182.21,75.34,"Intense"
"ID454","Male",172.37,66.34,"Intense"
"ID455","Female",170.72,72.9,"Intense"
"ID456","Male",175.71,59.1,"Moderate"
"ID457","Male",172.17,91.67,"Moderate"
"ID458","Male",181.13,76.92,"Moderate"
"ID459","Male",181.39,74.2,"None"
"ID460","Male",184.28,95.79,"Moderate"
"ID461","Female",175.85,72.18,"Intense"
"ID462","Female",170.52,72.28,"Moderate"
"ID463","Female",169.66,72.97,"Moderate"
"ID464","Female",172.41,89.67,"Moderate"
"ID465","Male",182.88,90.89,"None"
"ID466","Male",173.26,61.96,"Intense"
"ID467","Male",171.77,70.53,"Moderate"
"ID468","Male",177.7,64.68,"Moderate"
"ID469","Female",166.53,64.91,"Intense"
"ID470","Female",172.13,74.89,"Moderate"
"ID471","Female",167.72,60.29,"Moderate"
"ID472","Female",163.43,52.64,"Intense"
"ID473","Female",169.91,59.49,"Moderate"
"ID474","Female",167.79,65.84,"Moderate"
"ID475","Male",178.39,79.5,"Moderate"
"ID476","Female",165.08,78.27,"Intense"
"ID477","Male",182.36,89.84,"Intense"
"ID478","Female",171.03,77.13,"None"
"ID479","Female",171.85,67.55,"Intense"
"ID480","Female",171.43,52.49,"Intense"
"ID481","Male",177.34,80.71,"Intense"
"ID482","Female",163.2,73.23,"Moderate"
"ID483","Male",181.2,66.83,"Intense"
"ID484","Female",171.31,61.97,"None"
"ID485","Male",183,85.8,"Intense"
"ID486","Male",178.63,59.05,"Intense"
"ID487","Male",183.42,81.51,"Intense"
"ID488","Male",179.34,75.68,"Intense"
"ID489","Male",173.41,53,"Moderate"
"ID490","Male",172.27,71.14,"Moderate"
"ID491","Male",183.17,59.37,"Moderate"
"ID492","Male",177.4,72.81,"Intense"
"ID493","Female",168.04,83.78,"Moderate"
"ID494","Male",183.59,89.48,"Intense"
"ID495","Female",161.71,76.77,"None"
"ID496","Female",169.79,56.63,"Intense"
"ID497","Male",171.91,67.02,"Intense"
"ID498","Female",169.85,69.32,"Intense"
"ID499","Female",167.7,75.06,"Intense"
"ID500","Male",181.67,82.69,"None"
"ID501","Female",172.88,62.79,"Intense"
"ID502","Female",166.93,68.75,"Moderate"
"ID503","Female",165.73,53.36,"Moderate"
"ID504","Female",166.74,54.61,"Moderate"
"ID505","Male",180.08,65.59,"Moderate"
"ID506","Male",182.04,95.33,"Intense"
"ID507","Female",169.41,57.75,"Intense"
"ID508","Male",166.96,73.36,"Intense"
"ID509","Male",171.5,51.5,"Intense"
"ID510","Female",169.94,70.58,"Moderate"
"ID511","Male",176.29,76.29,"None"
"ID512","Male",190.29,91.45,"Moderate"
"ID513","Male",184.49,65.49,"Intense"
"ID514","Female",169.91,54.99,"Moderate"
"ID515","Female",176.23,80.77,"Moderate"
"ID516","Female",166.47,60.95,"None"
"ID517","Female",165.68,61.3,"None"
"ID518","Female",165.5,68.42,"Moderate"
"ID519","Female",164.61,71.85,"Moderate"
"ID520","Female",169.14,55.9,"Moderate"
"ID521","Male",180.05,83.45,"Intense"
"ID522","Female",165.93,66.15,"Moderate"
"ID523","Male",174.63,69.55,"Moderate"
"ID524","Female",165.63,83.08,"None"
"ID525","Female",160.23,59.41,"Moderate"
"ID526","Male",176.89,68.61,"Moderate"
"ID527","Male",174.05,76.9,"None"
"ID528","Male",181.64,77.7,"None"
"ID529","Male",185.62,79.94,"Moderate"
"ID530","Female",172.72,66.68,"Intense"
"ID531","Female",164.44,49.68,"None"
"ID532","Female",172.7,78.82,"Intense"
"ID533","Male",176.01,71.33,"None"
"ID534","Male",175.73,82.71,"Moderate"
"ID535","Female",167.86,83.46,"None"
"ID536","Male",184,67.87,"Intense"
"ID537","Female",166.53,70.26,"Intense"
"ID538","Male",174.37,86.02,"Intense"
"ID539","Female",173.29,64.78,"Moderate"
"ID540","Male",176.59,85.22,"Moderate"
"ID541","Male",182.92,61.09,"Moderate"
"ID542","Female",168.68,55.23,"None"
"ID543","Female",166.01,52.69,"Moderate"
"ID544","Female",171.21,74.83,"Moderate"
"ID545","Male",171.34,72.96,"Moderate"
"ID546","Female",170.76,54.44,"Moderate"
"ID547","Male",178.37,57.65,"None"
"ID548","Male",181.31,66.4,"Moderate"
"ID549","Female",170.27,71.21,"None"
"ID550","Male",179.48,64.63,"Intense"
"ID551","Female",172.36,69.3,"Intense"
"ID552","Male",178.52,82.35,"Moderate"
"ID553","Female",173.41,69.11,"Intense"
"ID554","Female",161.54,55.37,"None"
"ID555","Male",176.02,68.19,"Moderate"
"ID556","Male",176.27,63.97,"Intense"
"ID557","Male",182.8,61.38,"Moderate"
"ID558","Male",177.92,84.73,"Moderate"
"ID559","Male",176.13,84.65,"Moderate"
"ID560","Male",181.05,70.05,"None"
"ID561","Male",177.92,82.25,"Moderate"
"ID562","Female",168.51,53.19,"Moderate"
"ID563","Male",177.09,87.65,"None"
"ID564","Male",176.64,63.93,"Moderate"
"ID565","Male",177.62,75.47,"None"
"ID566","Male",181.4,68.19,"Moderate"
"ID567","Male",177.17,71.64,"Moderate"
"ID568","Male",173.06,69.31,"Moderate"
"ID569","Female",168.78,64.54,"Moderate"
"ID570","Female",165.52,58.24,"Moderate"
"ID571","Female",171.76,76.39,"None"
"ID572","Male",179.33,90.43,"Moderate"
"ID573","Female",176.01,60.67,"Moderate"
"ID574","Male",175.83,76.2,"Moderate"
"ID575","Male",171.86,60.04,"None"
"ID576","Female",164.06,53.8,"Moderate"
"ID577","Female",166.45,55.36,"Moderate"
"ID578","Female",169.91,66.61,"None"
"ID579","Female",168.3,62.27,"Moderate"
"ID580","Female",169.42,69.79,"Intense"
"ID581","Female",170.77,57.26,"Moderate"
"ID582","Male",174.57,70,"Moderate"
"ID583","Female",166.14,67.38,"None"
"ID584","Male",179.45,62.53,"Intense"
"ID585","Female",165.66,71.49,"None"
"ID586","Female",164.13,48.58,"None"
"ID587","Female",168.65,60.65,"Moderate"
"ID588","Male",184.63,87.77,"Intense"
"ID589","Male",169.42,69.92,"None"
"ID590","Female",173.32,67.72,"Intense"
"ID591","Female",170.83,72.26,"None"
"ID592","Female",168.06,67.34,"None"
"ID593","Female",159.56,44.68,"Intense"
"ID594","Male",176.1,69.27,"None"
"ID595","Male",175.61,88.24,"Moderate"
"ID596","Male",180.33,80.59,"Moderate"
"ID597","Female",159.6,57.26,"Moderate"
"ID598","Female",161.76,63.01,"Intense"
"ID599","Female",172.58,79.61,"None"
"ID600","Male",178.69,87.99,"Moderate"
"ID601","Female",165.64,60.68,"None"
"ID602","Male",181.9,87.53,"Intense"
"ID603","Male",177.75,79.47,"None"
"ID604","Female",165.69,55.54,"None"
"ID605","Male",178.46,61.63,"Moderate"
"ID606","Female",167.46,80.2,"Intense"
"ID607","Male",174.77,69.65,"Moderate"
"ID608","Male",176.38,72.04,"Moderate"
"ID609","Female",164.68,61.84,"None"
"ID610","Male",181.27,89.32,"Moderate"
"ID611","Female",167.06,49.87,"None"
"ID612","Female",167.43,63.6,"Moderate"
"ID613","Male",175.04,87.09,"Intense"
"ID614","Male",186.4,85.28,"None"
"ID615","Male",180.69,62.69,"Moderate"
"ID616","Female",168.1,73.95,"Moderate"
"ID617","Female",169.04,67.73,"Moderate"
"ID618","Female",168.95,60.19,"Moderate"
"ID619","Male",180.74,68.27,"Moderate"
"ID620","Female",166.89,64.68,"Moderate"
"ID621","Female",167.57,73.17,"None"
"ID622","Female",166.75,59.8,"None"
"ID623","Female",166.34,62.69,"Moderate"
"ID624","Female",168.96,75.22,"Moderate"
"ID625","Female",166.48,62.91,"None"
"ID626","Female",170.08,63.47,"Intense"
"ID627","Female",169.6,71.21,"Moderate"
"ID628","Male",174.88,82.42,"Moderate"
"ID629","Male",179.72,84.55,"Intense"
"ID630","Male",172.12,66.11,"Moderate"
"ID631","Male",182.23,87.48,"Moderate"
"ID632","Female",167.5,60.84,"None"
"ID633","Male",169.32,65.44,"Intense"
"ID634","Female",169.99,56.96,"Moderate"
"ID635","Male",178.74,78.8,"None"
"ID636","Female",165.23,62.85,"Moderate"
"ID637","Male",170.87,72.33,"None"
"ID638","Male",177.87,77.48,"Moderate"
"ID639","Female",166.66,59.56,"Moderate"
"ID640","Male",180.35,67.22,"Moderate"
"ID641","Male",182.67,77.82,"Intense"
"ID642","Male",176.11,63.44,"None"
"ID643","Female",159.59,66.02,"Intense"
"ID644","Female",162.85,60.89,"Intense"
"ID645","Female",175.08,62.8,"Moderate"
"ID646","Female",169.95,84.88,"Moderate"
"ID647","Female",170.84,71.33,"None"
"ID648","Male",176.25,73.73,"Moderate"
"ID649","Female",168.61,63.44,"Intense"
"ID650","Female",174.53,73.38,"None"
"ID651","Male",175.92,80.35,"Moderate"
"ID652","Male",170.95,65.8,"Moderate"
"ID653","Female",169.73,67.09,"None"
"ID654","Female",164.46,75.12,"Moderate"
"ID655","Female",176.58,73.7,"Moderate"
"ID656","Male",175.34,67.36,"Moderate"
"ID657","Male",174.68,68.91,"Intense"
"ID658","Female",164.3,56.59,"None"
"ID659","Male",173.55,66.6,"Intense"
"ID660","Female",165.11,53.88,"None"
"ID661","Male",178.45,79.81,"Moderate"
"ID662","Male",175.74,73.67,"Moderate"
"ID663","Male",176.82,55.71,"Moderate"
"ID664","Male",179.09,74.11,"None"
"ID665","Male",182.84,72.23,"Intense"
"ID666","Male",179.2,85.25,"Moderate"
"ID667","Female",170.98,77.71,"Moderate"
"ID668","Male",178.79,66.88,"None"
"ID669","Male",171.54,65.98,"Moderate"
"ID670","Male",172.56,67.63,"Moderate"
"ID671","Male",180.54,58.42,"Moderate"
"ID672","Male",182.59,81.63,"Intense"
"ID673","Male",173.59,69.88,"None"
"ID674","Male",179.14,73.47,"Moderate"
"ID675","Male",173.93,73.79,"Intense"
"ID676","Female",178.05,85.41,"Moderate"
"ID677","Female",166.46,63,"Intense"
"ID678","Female",164.03,60.96,"Moderate"
"ID679","Male",173.3,70.57,"Intense"
"ID680","Female",166.77,59.44,"None"
"ID681","Female",163.38,62.43,"Moderate"
"ID682","Male",181.51,79.22,"Intense"
"ID683","Female",168.27,65.62,"None"
"ID684","Male",175.95,70.5,"Moderate"
"ID685","Male",175.28,74.95,"Moderate"
"ID686","Female",167.06,67.01,"Moderate"
"ID687","Female",173.6,93.65,"Moderate"
"ID688","Male",181.75,63.27,"None"
"ID689","Male",179.34,74.75,"None"
"ID690","Female",176.03,77.44,"Intense"
"ID691","Female",165.17,53.75,"None"
"ID692","Male",178.76,91.58,"Moderate"
"ID693","Male",169.36,46.36,"Moderate"
"ID694","Female",170.58,63.36,"Moderate"
"ID695","Female",165.8,77.03,"Moderate"
"ID696","Female",168.74,69.08,"Intense"
"ID697","Female",164.33,52.75,"None"
"ID698","Female",167.46,54.61,"None"
"ID699","Female",162.93,46.5,"Moderate"
"ID700","Male",173.42,65.67,"None"
"ID701","Male",179.16,59.66,"None"
"ID702","Male",183.14,73.98,"Moderate"
"ID703","Male",176.97,63.4,"Intense"
"ID704","Female",163.83,51.88,"None"
"ID705","Male",175.9,77.14,"Moderate"
"ID706","Female",170.01,62.76,"Intense"
"ID707","Male",182.77,75.33,"Moderate"
"ID708","Male",172.13,63.56,"Intense"
"ID709","Female",175.68,75.99,"Intense"
"ID710","Male",181.49,68.39,"None"
"ID711","Male",178.93,65.9,"Moderate"
"ID712","Male",180.34,96.17,"Moderate"
"ID713","Male",179.42,73.92,"None"
"ID714","Male",175.68,74.6,"Intense"
"ID715","Male",179.48,82.12,"Moderate"
"ID716","Female",166.8,68.72,"None"
"ID717","Female",164.69,41.68,"Intense"
"ID718","Male",181.91,77.38,"Intense"
"ID719","Female",165.31,68.85,"None"
"ID720","Female",167.65,71.18,"Moderate"
"ID721","Male",178.17,77.35,"None"
"ID722","Male",177.34,81.39,"Moderate"
"ID723","Male",184.58,80.64,"Moderate"
"ID724","Female",161.26,63.81,"None"
"ID725","Male",177.31,67.59,"None"
"ID726","Male",186.27,72.45,"Moderate"
"ID727","Male",182.97,88.59,"Intense"
"ID728","Male",176.45,67.58,"None"
"ID729","Female",159.81,66,"Intense"
"ID730","Female",173.35,60.54,"Intense"
"ID731","Male",179.15,84.13,"None"
"ID732","Male",174.17,69.9,"Intense"
"ID733","Male",176.73,82.75,"Moderate"
"ID734","Female",168.25,52.45,"None"
"ID735","Male",186.2,71.06,"None"
"ID736","Male",174.05,66.74,"Intense"
"ID737","Female",168.77,48.53,"Moderate"
"ID738","Male",175.64,70.68,"Moderate"
"ID739","Female",166.46,67.55,"Moderate"
"ID740","Female",160.35,66.67,"None"
"ID741","Female",168.75,66.18,"Intense"
"ID742","Male",177.9,63.15,"Intense"
"ID743","Female",162.45,53.34,"None"
"ID744","Male",177.38,73.13,"Moderate"
"ID745","Male",174.33,68.09,"Intense"
"ID746","Male",186.14,90.88,"Intense"
"ID747","Female",169.02,61.77,"Moderate"
"ID748","Male",183.98,72.73,"Intense"
"ID749","Female",168.69,52.14,"Moderate"
"ID750","Female",162.05,76.45,"Intense"
"ID751","Male",179.5,64.21,"Moderate"
"ID752","Female",171.15,73.13,"Moderate"
"ID753","Female",169.93,69.97,"Intense"
"ID754","Female",167.88,75.18,"Intense"
"ID755","Female",165.54,70.14,"None"
"ID756","Female",163.04,64.91,"None"
"ID757","Female",173.06,63.49,"Moderate"
"ID758","Female",164.2,46.89,"Moderate"
"ID759","Female",167.35,65.42,"Moderate"
"ID760","Female",169.77,62.77,"Intense"
"ID761","Male",178.49,82.03,"Intense"
"ID762","Male",180.26,75.13,"Intense"
"ID763","Male",164.8,63.66,"Intense"
"ID764","Male",180.95,57.23,"Moderate"
"ID765","Female",170.13,54.04,"Moderate"
"ID766","Male",173.72,65.27,"Intense"
"ID767","Male",179.04,73.46,"None"
"ID768","Male",175.56,64.18,"Moderate"
"ID769","Female",170.5,70.81,"Moderate"
"ID770","Female",172.51,52.72,"Moderate"
"ID771","Female",172.21,72.43,"Moderate"
"ID772","Female",165.81,67.2,"Moderate"
"ID773","Female",167.01,64.58,"Moderate"
"ID774","Female",169.44,67.26,"None"
"ID775","Female",165.24,55.92,"Moderate"
"ID776","Male",178.36,61.35,"Moderate"
"ID777","Female",165.73,69.85,"Intense"
"ID778","Male",178.08,71.26,"Moderate"
"ID779","Male",184.85,93.28,"Moderate"
"ID780","Male",180,86.17,"None"
"ID781","Male",185.2,67.95,"Moderate"
"ID782","Female",171.14,78.05,"Moderate"
"ID783","Male",181.35,73.93,"None"
"ID784","Male",169.87,67.49,"Moderate"
"ID785","Male",176.92,75.45,"None"
"ID786","Female",164.64,63.57,"None"
"ID787","Male",176.72,69.14,"Moderate"
"ID788","Female",172.08,64.15,"None"
"ID789","Male",182.1,79.79,"None"
"ID790","Female",159.14,57.95,"Intense"
"ID791","Male",180.24,62.12,"None"
"ID792","Female",164.37,75.52,"Moderate"
"ID793","Male",180.03,66.28,"None"
"ID794","Male",174.86,57.78,"Intense"
"ID795","Male",177.02,71.74,"Moderate"
"ID796","Female",167.5,69.54,"Intense"
"ID797","Female",171.01,67.89,"Moderate"
"ID798","Female",165.78,67.21,"Intense"
"ID799","Male",175.19,76.64,"None"
"ID800","Male",177.71,67.59,"Intense"
"ID801","Male",176.73,70.3,"Moderate"
"ID802","Female",171.32,81.48,"Intense"
"ID803","Male",177.76,59.16,"None"
"ID804","Male",179.96,73.98,"Intense"
"ID805","Female",164.51,66.13,"None"
"ID806","Female",160.25,47.81,"None"
"ID807","Male",179.71,81.42,"Moderate"
"ID808","Female",164.63,49.26,"Moderate"
"ID809","Female",167.58,72.56,"Moderate"
"ID810","Male",179.24,72.68,"Moderate"
"ID811","Male",183.64,87.1,"None"
"ID812","Female",167.91,56.69,"None"
"ID813","Male",173.13,72.71,"Moderate"
"ID814","Female",171.84,83.99,"Intense"
"ID815","Female",164.65,69.8,"None"
"ID816","Female",167.06,60.1,"Intense"
"ID817","Female",169.05,60.43,"Moderate"
"ID818","Male",179.21,75.99,"Moderate"
"ID819","Female",170.23,67.67,"Moderate"
"ID820","Male",172.49,70.89,"Moderate"
"ID821","Male",181.52,91.35,"Moderate"
"ID822","Male",174.83,61.22,"None"
"ID823","Male",175.29,74.57,"Intense"
"ID824","Female",167.99,74.04,"Moderate"
"ID825","Male",173.69,65.32,"Moderate"
"ID826","Male",179.57,77.53,"Intense"
"ID827","Female",167.62,69.88,"None"
"ID828","Male",180.92,84.89,"Intense"
"ID829","Female",163.35,62.58,"Moderate"
"ID830","Male",181.45,63.6,"Moderate"
"ID831","Male",181.32,77.29,"Moderate"
"ID832","Male",176.93,62.51,"Moderate"
"ID833","Male",177.11,79.46,"Moderate"
"ID834","Female",174.31,71.57,"Moderate"
"ID835","Female",168.05,65.11,"Intense"
"ID836","Female",175.25,73.46,"Moderate"
"ID837","Male",182.87,72.52,"None"
"ID838","Male",187.09,74.28,"Moderate"
"ID839","Female",168.47,57.44,"Intense"
"ID840","Male",173.96,67.3,"None"
"ID841","Female",164.32,57.45,"None"
"ID842","Male",174.69,70.25,"None"
"ID843","Male",175.64,70.65,"None"
"ID844","Female",169.54,70.9,"Moderate"
"ID845","Male",178.57,71.15,"Moderate"
"ID846","Female",159.57,43.32,"Intense"
"ID847","Female",170.79,73.67,"Moderate"
"ID848","Male",181.74,80.21,"None"
"ID849","Female",163.08,50.31,"None"
"ID850","Male",182.15,80.15,"Moderate"
"ID851","Male",178.04,62.33,"None"
"ID852","Female",167,56.17,"None"
"ID853","Female",165.24,58.18,"Moderate"
"ID854","Female",164.88,64.22,"Moderate"
"ID855","Female",166.62,65.75,"Moderate"
"ID856","Male",180.96,84.91,"Moderate"
"ID857","Male",175.57,60.9,"None"
"ID858","Female",159.8,52.52,"Moderate"
"ID859","Male",184.52,93.85,"Moderate"
"ID860","Female",172.79,69.83,"None"
"ID861","Male",173.78,70.85,"Moderate"
"ID862","Male",175.12,62.25,"Intense"
"ID863","Male",179.09,72.68,"None"
"ID864","Male",180.1,74.17,"Moderate"
"ID865","Male",178.35,63.37,"Moderate"
"ID866","Female",169.75,60.6,"Intense"
"ID867","Female",170.23,66.2,"Intense"
"ID868","Female",175.74,98.37,"Intense"
"ID869","Female",167.01,67.05,"None"
"ID870","Male",176.61,60.02,"Moderate"
"ID871","Male",178.53,75.68,"Moderate"
"ID872","Male",171.87,49.18,"Intense"
"ID873","Male",173.05,67.46,"Moderate"
"ID874","Female",168.94,55.96,"Moderate"
"ID875","Female",170.51,77.76,"Moderate"
"ID876","Female",170.82,55.76,"Moderate"
"ID877","Female",164.01,72.8,"Moderate"
"ID878","Male",181.02,76.32,"Intense"
"ID879","Male",172.15,61.93,"Intense"
"ID880","Female",173.33,82.71,"None"
"ID881","Male",179.45,79.16,"Intense"
"ID882","Male",171.44,65.24,"Intense"
"ID883","Male",172.93,66.2,"Moderate"
"ID884","Female",164.07,54.79,"Moderate"
"ID885","Male",173.19,49.05,"None"
"ID886","Female",170.67,73.51,"None"
"ID887","Female",166.29,82.24,"Moderate"
"ID888","Female",173.54,68.47,"None"
"ID889","Female",176.71,81.94,"Intense"
"ID890","Female",173.64,69.45,"None"
"ID891","Male",174.09,66.92,"None"
"ID892","Male",185.88,79.25,"Intense"
"ID893","Male",178.22,76.16,"Moderate"
"ID894","Female",166.19,69.97,"Moderate"
"ID895","Male",180.51,83.7,"None"
"ID896","Male",173.92,90.68,"Moderate"
"ID897","Female",170.85,66.3,"Intense"
"ID898","Female",171.03,61.75,"None"
"ID899","Female",166.31,53.85,"Intense"
"ID900","Female",171.11,58.52,"Intense"
"ID901","Male",182.34,74.27,"Intense"
"ID902","Male",184.18,93.94,"Intense"
"ID903","Male",180.37,72.51,"Moderate"
"ID904","Male",176.78,61.84,"Intense"
"ID905","Female",171.84,65.41,"Moderate"
"ID906","Male",178.59,59.72,"Moderate"
"ID907","Female",163.31,72.88,"Moderate"
"ID908","Female",163.83,59.12,"Moderate"
"ID909","Male",175.08,70.63,"None"
"ID910","Male",181.77,75.83,"None"
"ID911","Female",174.86,61.28,"None"
"ID912","Female",164.08,74.54,"Moderate"
"ID913","Male",182.76,84.61,"Intense"
"ID914","Male",177.15,59.83,"Moderate"
"ID915","Male",173.3,70.56,"Moderate"
"ID916","Male",177.37,78.78,"Moderate"
"ID917","Male",180.76,76.19,"None"
"ID918","Male",175.64,59.69,"Intense"
"ID919","Male",184.72,80.43,"Moderate"
"ID920","Female",163.6,71.79,"Moderate"
"ID921","Male",176.51,69.86,"None"
"ID922","Female",169.78,69.17,"Moderate"
"ID923","Male",182.13,84.78,"Moderate"
"ID924","Male",181.66,71.54,"Intense"
"ID925","Female",161.89,55.55,"Moderate"
"ID926","Male",183.1,76.55,"Moderate"
"ID927","Male",180.56,75.42,"None"
"ID928","Male",179.99,73.62,"Moderate"
"ID929","Male",176.32,78.3,"Intense"
"ID930","Male",173.88,74.84,"Moderate"
"ID931","Male",181.34,79.16,"Intense"
"ID932","Male",188.69,75.48,"Intense"
"ID933","Female",160.15,55.17,"Moderate"
"ID934","Female",169.87,52.53,"Moderate"
"ID935","Female",168.01,54.24,"None"
"ID936","Female",172.82,61.34,"Moderate"
"ID937","Female",176.76,71.53,"Moderate"
"ID938","Male",179.18,83.63,"None"
"ID939","Female",164.56,61.45,"Intense"
"ID940","Female",174.96,53.79,"Moderate"
"ID941","Male",185.92,56.61,"None"
"ID942","Female",160.15,59.53,"None"
"ID943","Female",168.66,72.47,"Moderate"
"ID944","Female",161.52,63.31,"Moderate"
"ID945","Male",178.9,66.25,"Moderate"
"ID946","Female",169.68,70.7,"Intense"
"ID947","Male",179.4,73.6,"None"
"ID948","Male",171.62,67.73,"Moderate"
"ID949","Female",169.37,78.81,"None"
"ID950","Male",177.6,62.4,"None"
"ID951","Female",173.67,78.19,"None"
"ID952","Female",171.34,63.64,"Moderate"
"ID953","Male",177.48,59.6,"Moderate"
"ID954","Female",168.92,71.69,"None"
"ID955","Female",168.44,79.61,"Intense"
"ID956","Female",170.92,70.47,"Moderate"
"ID957","Female",161,58.9,"None"
"ID958","Female",166.99,56.79,"None"
"ID959","Male",174.14,70.99,"None"
"ID960","Male",185.53,62.73,"Intense"
"ID961","Female",169.48,58.56,"Moderate"
"ID962","Male",179.95,63.08,"Intense"
"ID963","Male",181.44,66.55,"Intense"
"ID964","Female",173.07,41.59,"None"
"ID965","Female",166.45,47.83,"None"
"ID966","Male",176.47,69.04,"Moderate"
"ID967","Female",162.69,71.88,"None"
"ID968","Female",171.41,64.52,"Intense"
"ID969","Male",170.94,66.12,"Moderate"
"ID970","Male",181.44,58.51,"Intense"
"ID971","Female",163.44,60.42,"None"
"ID972","Male",185.57,74.11,"Moderate"
"ID973","Female",164.16,67.9,"Moderate"
"ID974","Male",180.79,71.56,"Intense"
"ID975","Male",179.03,84.29,"Intense"
"ID976","Male",177.99,60.07,"None"
"ID977","Male",185.18,65.81,"Intense"
"ID978","Male",175.78,63.57,"None"
"ID979","Female",170.02,63.76,"None"
"ID980","Female",160.89,63.26,"None"
"ID981","Female",166.52,62.74,"Moderate"
"ID982","Male",176.77,70.83,"Moderate"
"ID983","Female",166.33,55.87,"Moderate"
"ID984","Female",163.27,76.1,"None"
"ID985","Male",177.96,58.39,"Moderate"
"ID986","Male",179.9,75.97,"Intense"
"ID987","Female",169.09,68.27,"Intense"
"ID988","Female",175.77,78.1,"Intense"
"ID989","Male",174.3,71.53,"Moderate"
"ID990","Male",178.92,57.5,"Intense"
"ID991","Male",176.76,79.85,"Moderate"
"ID992","Male",175.14,63.85,"Intense"
"ID993","Male",182.32,66.61,"Moderate"
"ID994","Male",177.1,75.56,"Moderate"
"ID995","Male",178.05,45.73,"None"
"ID996","Female",169.92,68.65,"Moderate"
"ID997","Female",166.64,63.89,"Moderate"
"ID998","Female",161.13,67.86,"Intense"
"ID999","Female",164.79,52.09,"None"
"ID1000","Male",174.02,57.12,"None"
